{
  "breadcrumb": [],
  "currObjMetadata": {},
  "data": [
    [
      "07293314052C4FBF",
      "Опора 04-Л",
      -61.47265625,
      -47.09765625,
      1668093631
    ],
    [
      "07293314052CA998",
      "Опора 11-Л",
      10834.4140625,
      13455.1875,
      1668093538
    ],
    [
      "07293314052C9F29",
      "Опора 05-Л",
      -36.58203125,
      -35.12890625,
      1668093463
    ],
    [
      "07293314052C430C",
      "Опора 08-Л",
      -97.69921875,
      -14.26171875,
      1668093405
    ],
    [
      "07293314052C6EBB",
      "Опора 09-П",
      -87.921875,
      18.73046875,
      1668093227
    ],
    [
      "07293314052C4BD3",
      "Опора 11-П",
      -4694.50390625,
      -1408.60546875,
      1668093103
    ],
    [
      "07293314052CEFC2",
      "Опора 03-П",
      -19.98828125,
      57.828125,
      1668093090
    ],
    [
      "07293314052CF500",
      "Опора 04-П",
      77.859375,
      -49.59375,
      1668092904
    ],
    [
      "07293314052C8191",
      "Опора 02-Л",
      -27.30859375,
      -27.8515625,
      1668092887
    ],
    [
      "07293314052CFD02",
      "Опора 03-Л",
      -54.4921875,
      14.1171875,
      1668092865
    ]
  ],
  "total": 4172,
  "filtered": 4172,
  "offset": 0,
  "limit": 10
}